{
  "enable_all_villager_trades": true,
  "enable_weaponsmith_trades": true,
  "enable_toolsmith_trades": true,
  "enable_mason_trades": true,
  "enable_soulcube_effects": true,
  "enable_daisy_effects": true,
  "doom_armor_head_stat": 25,
  "doom_armor_chestplate_stat": 18,
  "doom_armor_leggings_stat": 20,
  "doom_armor_boots_stat": 15,
  "doom_armor_toughness": 24.0,
  "doom_armor_knockbackResistance": 4.0,
  "marauder_max_uses": 24,
  "marauder_axe_item_damage": 200.0,
  "crucible_max_uses": 24,
  "crucible_damage": 200.0,
  "darkcrucible_max_uses": 24,
  "darkcrucible_damage": 200.0,
  "sentinelhammer_max_uses": 24,
  "sentinelhammer_damage": 25.0,
  "enable_block_breaking": false,
  "enable_noncenter": false,
  "argent_bolt_damage": 14.5,
  "bfgball_damage": 100.0,
  "bfgball_damage_dragon": 30.0,
  "bfgball_damage_aoe": 10.0,
  "bfg_damage_mob_whitelist": [
    ""
  ],
  "bullet_damage": 5.5,
  "chaingun_bullet_damage": 5.5,
  "energycell_damage": 1.5,
  "rocket_damage": 20.0,
  "shotgun_damage": 10.0,
  "unmaykr_damage": 2.5,
  "grenade_damage": 30.0,
  "chainsaw_damage": 2.0,
  "max_meathook_distance": 32.0,
  "imp_spawn_weight": 15,
  "imp_min_group": 1,
  "imp_max_group": 4,
  "pinky_spawn_weight": 15,
  "pinky_min_group": 2,
  "pinky_max_group": 4,
  "spectre_spawn_weight": 15,
  "spectre_min_group": 2,
  "spectre_max_group": 4,
  "lost_soul_spawn_weight": 25,
  "lost_soul_min_group": 1,
  "lost_soul_max_group": 3,
  "cacodemon_spawn_weight": 4,
  "cacodemon_min_group": 1,
  "cacodemon_max_group": 2,
  "archvile_spawn_weight": 4,
  "archvile_min_group": 1,
  "archvile_max_group": 2,
  "baron_spawn_weight": 4,
  "baron_min_group": 1,
  "baron_max_group": 1,
  "mancubus_spawn_weight": 4,
  "mancubus_min_group": 1,
  "mancubus_max_group": 1,
  "revenant_spawn_weight": 4,
  "revenant_min_group": 1,
  "revenant_max_group": 4,
  "zombieman_spawn_weight": 15,
  "zombieman_min_group": 1,
  "zombieman_max_group": 4,
  "arachnotron_spawn_weight": 15,
  "arachnotron_min_group": 1,
  "arachnotron_max_group": 4,
  "gargoyle_spawn_weight": 15,
  "gargoyle_min_group": 1,
  "gargoyle_max_group": 4,
  "chaingunner_spawn_weight": 15,
  "chaingunner_min_group": 1,
  "chaingunner_max_group": 4,
  "shotgunguy_spawn_weight": 15,
  "shotgunguy_min_group": 1,
  "shotgunguy_max_group": 4,
  "marauder_spawn_weight": 3,
  "marauder_min_group": 1,
  "marauder_max_group": 1,
  "pain_spawn_weight": 4,
  "pain_min_group": 1,
  "pain_max_group": 2,
  "hellknight_spawn_weight": 4,
  "hellknight_min_group": 1,
  "hellknight_max_group": 2,
  "hellknight2016_spawn_weight": 4,
  "hellknight2016_min_group": 1,
  "hellknight2016_max_group": 2,
  "cyberdemon_spawn_weight": 4,
  "cyberdemon_min_group": 1,
  "cyberdemon_max_group": 2,
  "unwilling_spawn_weight": 15,
  "unwilling_min_group": 1,
  "unwilling_max_group": 4,
  "possessed_scientist_spawn_weight": 15,
  "possessed_scientist_min_group": 1,
  "possessed_scientist_max_group": 4,
  "possessed_soldier_spawn_weight": 15,
  "possessed_soldier_min_group": 1,
  "possessed_soldier_max_group": 4,
  "mechazombie_spawn_weight": 15,
  "mechazombie_min_group": 1,
  "mechazombie_max_group": 4,
  "cueball_spawn_weight": 15,
  "cueball_min_group": 1,
  "cueball_max_group": 2,
  "prowler_spawn_weight": 15,
  "prowler_min_group": 1,
  "prowler_max_group": 2,
  "impstone_spawn_weight": 15,
  "impstone_min_group": 1,
  "impstone_max_group": 2,
  "gorenest_spawn_weight": 4,
  "gorenest_min_group": 1,
  "gorenest_max_group": 1,
  "tentacle_spawn_weight": 4,
  "tentacle_min_group": 1,
  "tentacle_max_group": 1,
  "turret_spawn_weight": 4,
  "turret_min_group": 1,
  "turret_max_group": 4,
  "spider_mastermind_spawn_weight": 4,
  "spider_mastermind_min_group": 1,
  "spider_mastermind_max_group": 1,
  "whiplash_spawn_weight": 4,
  "whiplash_min_group": 1,
  "whiplash_max_group": 1,
  "doomhunter_spawn_weight": 4,
  "doomhunter_min_group": 1,
  "doomhunter_max_group": 1,
  "possessed_worker_spawn_weight": 15,
  "possessed_worker_min_group": 1,
  "possessed_worker_max_group": 4,
  "armoredbaron_spawn_weight": 4,
  "armoredbaron_min_group": 1,
  "armoredbaron_max_group": 1,
  "summoner_spawn_weight": 4,
  "summoner_min_group": 1,
  "summoner_max_group": 2,
  "motherdemon_spawn_weight": 1,
  "motherdemon_min_group": 1,
  "motherdemon_max_group": 1,
  "maykrdrone_spawn_weight": 15,
  "maykrdrone_min_group": 1,
  "maykrdrone_max_group": 2,
  "bloodmaykr_spawn_weight": 6,
  "bloodmaykr_min_group": 1,
  "bloodmaykr_max_group": 2,
  "archmaykr_spawn_weight": 1,
  "archmaykr_min_group": 1,
  "archmaykr_max_group": 1,
  "gladiator_spawn_weight": 1,
  "gladiator_min_group": 1,
  "gladiator_max_group": 1,
  "motherdemon_health": 500.0,
  "motherdemon_ranged_damage": 14.0,
  "motherdemon_phaseone_damage_boos": 14.0,
  "cueball_health": 1.0,
  "tentacle_health": 5.0,
  "tentacle_melee_damage": 1.0,
  "turret_health": 5.0,
  "turret_ranged_damage": 6.0,
  "icon_health": 1000.0,
  "icon_melee_damage": 7.0,
  "icon_phaseone_damage_boos": 7.0,
  "imp_health": 30.0,
  "imp_ranged_damage": 4.0,
  "pinky_health": 75.0,
  "pinky_melee_damage": 3.0,
  "spectre_health": 75.0,
  "spectre_melee_damage": 3.0,
  "lost_soul_health": 10.0,
  "lost_soul_melee_damage": 1.0,
  "cacodemon_health": 80.0,
  "cacodemon_ranged_damage": 5.0,
  "archvile_health": 100.0,
  "archvile_ranged_damage": 5.0,
  "summoner_health": 100.0,
  "summoner_ranged_damage": 3.0,
  "prowler_health": 15.0,
  "prowler_ranged_damage": 4.0,
  "prowler_melee_damage": 4.0,
  "maykrdrone_health": 50.0,
  "maykrdrone_ranged_damage": 5.0,
  "bloodmaykr_health": 100.0,
  "bloodmaykr_ranged_damage": 10.0,
  "archmaykr_health": 400.0,
  "archmaykr_ranged_damage": 14.0,
  "archmaykr_phaseone_damage_boost": 14.0,
  "archmaykr_phasetwo_damage_boost": 28.0,
  "archmaykr_phasethree_damage_boost": 42.0,
  "archmaykr_phasefour_damage_boost": 56.0,
  "baron_health": 180.0,
  "baron_ranged_damage": 6.0,
  "baron_melee_damage": 7.0,
  "gladiator_health": 240.0,
  "gladiator_ranged_damage": 6.0,
  "gladiator_phaseone_damage_boost": 6.0,
  "gladiator_melee_damage": 7.0,
  "mancubus_health": 80.0,
  "mancubus_melee_damage": 4.0,
  "mancubus_ranged_damage": 6.0,
  "revenant_health": 45.0,
  "revenant_ranged_damage": 5.0,
  "spider_mastermind_health": 300.0,
  "spider_mastermind_ranged_damage": 7.0,
  "spider_mastermind_melee_damage": 4.0,
  "zombieman_health": 15.0,
  "arachnotron_health": 30.0,
  "arachnotron_ranged_damage": 5.0,
  "impstone_health": 15.0,
  "impstone_melee_damage": 2.0,
  "gargoyle_health": 30.0,
  "gargoyle_ranged_damage": 5.0,
  "gargoyle_melee_damage": 2.0,
  "chaingunner_health": 15.0,
  "shotgunguy_health": 15.0,
  "marauder_health": 300.0,
  "marauder_axe_damage": 6.0,
  "marauder_ssgdamage": 10.5,
  "pain_health": 80.0,
  "hellknight_health": 90.0,
  "hellknight_ranged_damage": 6.0,
  "hellknight_melee_damage": 4.0,
  "hellknight2016_health": 90.0,
  "hellknight2016_melee_damage": 4.0,
  "cyberdemon_health": 300.0,
  "cyberdemon_ranged_damage": 9.0,
  "cyberdemon_melee_damage": 7.0,
  "doomhunter_health": 150.0,
  "doomhunter_ranged_damage": 7.0,
  "doomhunter_melee_damage": 5.0,
  "doomhunter_extra_phase_two_damage": 5.0,
  "whiplash_health": 90.0,
  "whiplash_melee_damage": 4.0,
  "armoredbaron_health": 240.0,
  "armoredbaron_melee_damage": 7.0,
  "unwilling_health": 15.0,
  "unwilling_melee_damage": 2.0,
  "possessed_scientist_health": 15.0,
  "possessed_scientist_melee_damage": 2.0,
  "possessed_soldier_health": 15.0,
  "possessed_soldier_ranged_damage": 2.0,
  "mechazombie_health": 25.0,
  "mechazombie_ranged_damage": 3.0,
  "carcass_health": 40.0,
  "carcass_melee_damage": 6.0,
  "carcass_ranged_damage": 6.0,
  "carcass_spawn_weight": 5,
  "carcass_min_group": 1,
  "carcass_max_group": 1,
  "gorenest_health": 5.0,
  "summoner_wave_entries": [
    "doom:imp",
    "doom:lost_soul",
    "doom:stone_imp"
  ],
  "icon_wave_entries": [
    "doom:gladiator",
    "doom:mancubus",
    "doom:mancubus",
    "doom:marauder",
    "doom:marauder",
    "doom:firebronebaron",
    "doom:baron2016",
    "doom:baron2016",
    "doom:baron2016",
    "doom:baron2016",
    "doom:whiplash",
    "doom:whiplash",
    "doom:whiplash",
    "doom:whiplash",
    "doom:whiplash",
    "doom:gargoyle",
    "doom:gargoyle",
    "doom:gargoyle",
    "doom:gargoyle",
    "doom:gargoyle",
    "doom:gargoyle",
    "doom:gargoyle",
    "doom:gargoyle",
    "doom:gargoyle",
    "doom:gargoyle",
    "doom:cacodemon",
    "doom:cacodemon",
    "doom:cacodemon",
    "doom:cacodemon",
    "doom:cacodemon",
    "doom:cacodemon",
    "doom:cacodemon",
    "doom:cacodemon",
    "doom:cacodemon",
    "doom:cacodemon",
    "doom:painelemental",
    "doom:painelemental",
    "doom:painelemental",
    "doom:painelemental",
    "doom:painelemental",
    "doom:painelemental",
    "doom:painelemental",
    "doom:painelemental",
    "doom:painelemental",
    "doom:painelemental",
    "doom:imp",
    "doom:imp",
    "doom:imp",
    "doom:imp",
    "doom:imp",
    "doom:imp",
    "doom:imp",
    "doom:imp",
    "doom:imp",
    "doom:imp",
    "doom:prowler",
    "doom:prowler",
    "doom:prowler",
    "doom:prowler",
    "doom:prowler",
    "doom:prowler",
    "doom:prowler",
    "doom:prowler",
    "doom:prowler",
    "doom:prowler",
    "doom:imp",
    "doom:imp",
    "doom:imp",
    "doom:imp",
    "doom:imp",
    "doom:imp",
    "doom:imp",
    "doom:imp",
    "doom:imp",
    "doom:imp",
    "doom:imp",
    "doom:pinky",
    "doom:pinky",
    "doom:pinky",
    "doom:pinky",
    "doom:pinky",
    "doom:pinky",
    "doom:pinky",
    "doom:pinky",
    "doom:pinky",
    "doom:pinky",
    "doom:lost_soul",
    "doom:lost_soul",
    "doom:lost_soul",
    "doom:lost_soul",
    "doom:lost_soul",
    "doom:lost_soul",
    "doom:lost_soul",
    "doom:lost_soul",
    "doom:lost_soul",
    "doom:lost_soul"
  ],
  "gorenest_wave_entries": [
    "doom:hellknight",
    "doom:possessed_scientist",
    "doom:imp",
    "doom:pinky",
    "doom:cacodemon",
    "doom:chaingunner",
    "doom:gargoyle",
    "doom:hellknight2016",
    "doom:lost_soul",
    "doom:possessed_soldier",
    "doom:shotgunguy",
    "doom:unwilling",
    "doom:zombieman",
    "doom:arachnotron",
    "doom:archvile",
    "doom:mechazombie",
    "doom:painelemental",
    "doom:mancubus"
  ]
}