{
  "__comment": "Instructions: https://blakesmods.com/docs/cucumber/tags-config",
  "forge:ingots/constantan": "thermal:constantan_ingot",
  "forge:ingots/tungsten": "nuclearcraft:tungsten_ingot",
  "forge:ingots/tin": "nuclearcraft:tin_ingot",
  "forge:gems/sapphire": "gtceu:sapphire_gem",
  "forge:ingots/bronze": "nuclearcraft:bronze_ingot",
  "forge:ingots/electrum": "nuclearcraft:electrum_ingot",
  "forge:silicon": "ae2:silicon",
  "forge:gems/apatite": "gtceu:apatite_gem",
  "forge:ingots/silver": "blocksyouneed_luna:silver_ingot",
  "forge:dusts/saltpeter": "bloodmagic:saltpeter",
  "forge:ingots/steel": "blocksyouneed_luna:steel_ingot",
  "forge:ingots/platinum": "destroy:platinum_ingot",
  "forge:ingots/lead": "nuclearcraft:lead_ingot",
  "forge:ingots/graphite": "nuclearcraft:graphite_ingot",
  "forge:ingots/uranium": "nuclearcraft:uranium_ingot",
  "forge:ingots/aluminum": "blocksyouneed_luna:aluminum_ingot",
  "forge:ingots/mithril": "null",
  "forge:ingots/iridium": "gtceu:iridium_ingot",
  "forge:ingots/zinc": "create:zinc_ingot",
  "forge:ingots/invar": "gtceu:invar_ingot",
  "forge:gems/ruby": "gtceu:ruby_gem",
  "forge:dusts/niter": "thermal:niter_dust",
  "forge:ingots/chrome": "null",
  "forge:ingots/brass": "create:brass_ingot",
  "forge:ingots/titanium": "nuclearcraft:titanium_ingot",
  "forge:rubber": "productivetrees:rubber",
  "forge:dusts/sulfur": "nuclearcraft:sulfur_dust",
  "forge:gems/peridot": "null",
  "forge:ingots/nickel": "destroy:nickel_ingot",
  "forge:ingots/lumium": "null",
  "forge:ingots/signalum": "null",
  "forge:ingots/enderium": "null"
}